<?xml version='1.0' encoding='ISO-8859-1'?>
<!DOCTYPE toc PUBLIC "-//Sun Microsystems Inc.//DTD JavaHelp TOC Version 1.0//EN"
                     "http://java.sun.com/products/javahelp/toc_1_0.dtd">
<!--

    Copyright (c) 2000-2017 Oracle and/or its affiliates. All rights reserved.

    This program and the accompanying materials are made available under the
    terms of the Eclipse Public License v. 2.0, which is available at
    http://www.eclipse.org/legal/epl-2.0.

    This Source Code may also be made available under the following Secondary
    Licenses when the conditions for such availability set forth in the
    Eclipse Public License v. 2.0 are satisfied: GNU General Public License,
    version 2 with the GNU Classpath Exception, which is available at
    https://www.gnu.org/software/classpath/license.html.

    SPDX-License-Identifier: EPL-2.0 OR GPL-2.0 WITH Classpath-exception-2.0

-->

<toc version="1.0">
	<tocitem image="IMQ_TOP_FOLDER_IMG" text="Message Queue Administration Console" target="IMQ_INDEX">
		<tocitem text="Overview" target="overview" />
	</tocitem>
	<tocitem image="OBJSTORE_TOP_FOLDER_IMG" text="Message Queue Object Store Management" target="OS_INDEX">
		<tocitem text="Add Object Store" target="add_object_store" />
		<tocitem text="Object Store Properties" target="object_store_properties" />
		<tocitem text="Connect/Disconnect Object Store" target="conndis_object_store" />
		<tocitem text="Add Destination Object" target="add_destination_obj" />
		<tocitem text="Destination Object Properties" target="destination_obj_properties" />
		<tocitem text="Add Connection Factory Object" target="add_connection_fact">
			<tocitem text="Reliability and Flow Control" target="add_connfact_rel_htm" />
			<tocitem text="QueueBrowsers and ServerSessions" target="add_connfact_queue_htm" />
			<tocitem text="Connection Handling" target="add_connfact_handling_htm" />
			<tocitem text="Client Identification" target="add_connfact_clientid_htm" />
			<tocitem text="JMSX Properties" target="add_connfact_jmsx_htm" />
			<tocitem text="Message Header Overrides" target="add_connfact_message_header_overrides_htm" />
			<tocitem text="3.0 Connection Handling" target="add_connfact_handling_old_htm" />
		</tocitem>
		<tocitem text="Connection Factory Object Properties" target="connection_factory_prop">
			<tocitem text="Reliability and Flow Control" target="connfact_rel_htm" />
			<tocitem text="QueueBrowsers and ServerSessions" target="connfact_queue_htm" />
			<tocitem text="Connection Handling" target="connfact_handling_htm" />
			<tocitem text="Client Identification" target="connfact_clientid_htm" />
			<tocitem text="JMSX Properties" target="connfact_jmsx_htm" />
			<tocitem text="Message Header Overrides" target="connfact_message_header_overrides_htm" />
			<tocitem text="3.0 Connection Handling" target="connfact_handling_old_htm" />
		</tocitem>
	</tocitem>
	<tocitem image="BROKER_TOP_FOLDER_IMG" text="Message Queue Broker Management" target="BROKER_INDEX">
		<tocitem text="Add Broker" target="add_broker" />
		<tocitem text="Broker Properties" target="broker_information" />
		<tocitem text="Connect/Disconnect Broker" target="conndis_broker" />
		<tocitem text="Query/Update Broker" target="broker_configuration">
			<tocitem text="Basic" target="broker_config_basic_htm" />
			<tocitem text="Logging" target="broker_config_logging_htm" />
			<tocitem text="Messaging" target="broker_config_messaging_htm" />
		</tocitem>
		<tocitem text="Add Broker Destination" target="add_broker_destination" />
		<tocitem text="Destination Properties" target="broker_destination_properties">
			<tocitem text="Basic" target="broker_dest_basic_htm" />
			<tocitem text="Durable Subscriptions" target="broker_dest_durable_htm" />
		</tocitem>
		<tocitem text="Service Properties" target="service_properties" />
	</tocitem>
</toc>
